<?xml version="1.0"?>
<pagescount>
	<html_total>26</html_total>
	<html_done>26</html_done>
	<images>96</images>
	<script>21</script>
	<css>30</css>
	<pdf/>
	<documents/>
	<excel/>
	<powerpoint/>
	<flash/>
	<audios/>
	<videos/>
	<xml/>
	<json/>
	<txt/>
	<autocad/>
	<fonts>12</fonts>
	<scraping_reload>1</scraping_reload>
	<is_pretty_url>false</is_pretty_url>
	<is_ebn>false</is_ebn>
	<email>mujahidfarooq57@gmail.com</email>
	<theme_name>WmdTheme752450</theme_name>
	<server_url_front_page>https://www6.waybackmachinedownloader.com/wdo/files/demo/academy.softileo.com_mujahidfarooq57_gmail.com_uo2j3lylci/</server_url_front_page>
	<no_www_url>academy.softileo.com</no_www_url>
	<hosted_domain/>
	<original_archive_url>https://academy.softileo.com/</original_archive_url>
	<final_archive_url>https://academy.softileo.com/</final_archive_url>
	<front_page_code_date/>
	<total_urls_from_api/>
	<max_reached_live>false</max_reached_live>
	<scrape_other_captures>false</scrape_other_captures>
	<total_size>20724</total_size>
</pagescount>
